accession,label,cohort,1007_s_at,1053_at,117_at,121_at,1255_g_at,1294_at,1316_at,1320_at,1405_i_at,1431_at,1438_at,1487_at,1494_f_at,1552256_a_at,1552257_a_at,1552258_at,1552261_at,1552263_at,1552264_a_at,1552266_at,1552269_at,1552271_at,1552272_a_at,1552274_at,1552275_s_at,1552276_a_at,1552277_a_at,1552278_a_at,1552279_a_at,1552280_at,1552281_at,1552283_s_at,1552286_at,1552287_s_at,1552288_at,1552289_a_at,1552291_at,1552293_at,1552295_a_at,1552296_at,1552299_at,1552301_a_at,1552302_at,1552303_a_at,1552304_at,1552306_at,1552307_a_at,1552309_a_at
GSM2630758,CONTROL,TRAINING,5.397,5.199,8.327,7.042,2.463,7.753,5.118,3.17,11.152,2.564,4.183,6.57,5.881,6.098,6.216,5.252,3.615,6.51,7.763,2.677,2.116,4.833,4.317,5.716,3.915,5.077,4.626,3.027,5.786,3.141,5.838,2.378,4.15,5.412,2.677,4.054,4.269,3.853,5.234,2.419,3.465,3.634,4.282,5.298,2.31,2.544,5.022,4.613
GSM2630759,IPD,TRAINING,4.952,5.198,8.589,6.935,2.388,8.21,5.107,2.677,11.029,2.603,4.053,7.04,5.572,6.879,6.759,4.822,3.269,7.725,8.654,2.523,2.103,4.832,4.592,7.163,4.594,4.703,4.838,2.808,5.522,2.509,4.887,2.527,4.963,5.668,3.056,3.7,5.314,3.761,4.487,3.028,2.993,3.792,4.939,5.27,2.477,2.652,4.945,4.869
GSM2630760,IPD,TRAINING,5.331,4.97,8.629,7.701,2.349,7.744,5.523,3.072,11.159,2.664,3.797,6.66,5.714,6.369,6.774,4.824,3.623,6.722,7.849,2.755,2.517,5.088,4.683,7.341,4.225,5.032,4.771,2.887,6.104,2.986,5.471,2.462,4.699,4.006,3.688,4.148,4.6,3.598,4.702,2.32,2.87,4.153,6.531,5.748,2.768,2.36,4.893,6.098
GSM2630761,CONTROL,TRAINING,5.601,5.816,9.628,6.909,2.268,7.67,4.579,3.025,10.528,2.551,3.919,7.119,5.158,6.449,6.626,4.985,2.972,8.007,9.217,2.671,2.132,4.577,4.267,7.513,5.221,4.864,4.562,2.725,5.458,2.626,4.683,2.365,4.775,6.346,2.775,4.088,5.643,3.219,5.309,2.483,2.895,4.063,5.228,5.626,2.291,2.691,5.061,4.568
GSM2630762,IPD,TRAINING,5.087,5.443,9.449,7.284,2.407,8.157,4.603,2.861,11.393,2.629,3.818,6.847,5.415,5.978,5.944,4.896,2.992,6.584,9.02,2.727,2.454,4.822,4.197,7.225,4.904,4.587,4.963,2.824,4.993,2.72,4.961,2.51,5.182,6.214,2.858,3.476,4.868,4.148,5.581,2.641,3.113,3.843,4.875,5.281,2.573,2.904,5.087,4.588
GSM2630763,IPD,TRAINING,5.921,5.43,9.23,7.153,2.137,8.132,4.791,2.895,11.383,2.618,3.813,6.982,5.587,6.416,6.417,5.089,3.303,7.453,8.471,2.906,2.323,4.794,4.609,7.285,4.4,5.132,4.903,3.165,5.493,2.424,5.409,2.488,4.726,5.799,3.329,3.648,4.899,3.359,5.219,2.535,3.117,4.192,5.375,5.704,2.411,2.927,5.111,5.656
GSM2630764,IPD,VALIDATION,5.153,5.243,9.269,6.85,2.029,8.152,4.744,3.047,10.914,2.503,3.65,6.915,5.284,6.213,6.235,4.966,3.364,8.046,8.988,2.6,2.326,4.508,4.039,6.935,5.077,4.532,5.174,2.753,5.419,2.662,4.547,2.206,5.16,6.197,3.044,3.577,6.085,3.623,5.466,2.34,3.061,3.749,4.743,5.272,2.31,2.845,5.151,4.403
GSM2630765,IPD,VALIDATION,5.341,5.167,9.095,7.541,2.464,7.909,5.149,3.269,10.915,2.572,3.73,6.712,5.933,6.29,6.674,4.915,3.397,7.538,8.83,2.906,2.703,4.468,4.415,6.78,3.766,5.235,4.909,2.695,5.373,2.568,5.646,2.171,4.417,5.091,3.223,3.749,4.776,3.928,5.078,2.521,3.299,4.429,5.551,5.615,2.336,2.476,4.851,4.808
GSM2630766,IPD,TRAINING,5.261,5.324,9.184,6.918,2.607,8.544,4.819,3.004,11.542,2.503,3.644,7.177,5.351,6.654,5.652,5.276,3.441,4.599,9.47,2.874,2.268,4.897,3.931,8.011,5.978,4.759,5.35,2.799,4.928,3.239,4.852,2.742,5.022,6.339,2.995,3.859,5.126,3.295,5.06,2.052,3.044,3.284,5.729,5.62,2.387,2.992,5.488,5.523
GSM2630768,IPD,TRAINING,5.33,5.725,8.241,7.096,2.165,7.757,4.921,2.627,11.856,2.545,3.633,7.015,5.406,5.952,6.278,4.902,3.565,7.954,8.854,2.368,2.251,4.509,4.286,6.945,5.635,4.759,5.407,2.938,4.955,2.734,4.78,2.816,4.949,6.183,2.94,3.463,5.885,3.847,5.394,2.195,2.89,3.82,5.146,5.424,2.488,2.638,5.202,5.84
GSM2630769,CONTROL,TRAINING,5.355,5.548,8.427,6.881,2.254,7.966,4.513,2.755,11.502,2.561,3.406,6.617,4.975,6.187,6.179,4.711,3.107,7.705,8.485,2.053,2.362,4.327,4.208,6.332,5.19,4.626,5.305,2.53,4.956,2.431,4.527,2.673,4.538,6.182,2.822,3.407,5.763,3.666,5.186,2.243,2.683,3.774,4.923,5.433,2.639,2.741,5.729,6.128
GSM2630770,IPD,TRAINING,5.281,5.884,8.852,6.987,2.082,7.924,4.969,2.897,12.305,2.596,3.662,7.092,5.159,6.48,6.191,5.527,3.44,7.964,8.619,2.362,2.37,4.655,4.373,6.308,4.857,5.183,5.315,2.647,5.115,2.875,5.085,2.757,4.954,5.808,2.513,3.823,6.318,3.418,5.482,2.561,3.094,3.765,5.13,5.39,2.217,2.624,5.27,6.627
GSM2630771,CONTROL,TRAINING,5.403,5.513,7.981,6.575,2.008,7.967,4.715,2.789,11.739,2.637,3.553,6.846,5.044,6.228,6.386,5.002,3.391,7.593,8.42,2.337,2.272,4.23,4.14,7.112,5.215,4.99,5.388,2.839,5.241,2.47,4.946,2.244,5.676,6.429,2.647,3.522,5.688,3.502,5.4,2.454,3.006,3.813,4.608,4.771,2.459,2.642,5.707,5.81
GSM2630772,CONTROL,TRAINING,5.482,5.374,8.505,7.522,2.16,7.77,4.739,2.965,11.716,2.435,3.855,6.948,5.351,6.449,6.439,5.002,3.289,7.804,8.358,2.578,2.47,4.237,4.249,6.453,5.259,4.975,4.796,2.722,5.112,2.737,4.985,2.468,4.943,5.913,2.888,3.516,5.924,3.53,5.231,2.427,2.87,3.906,4.804,5.305,2.369,2.441,5.265,5.816
GSM2630773,IPD,TRAINING,5.338,5.526,10.325,7.432,2.307,7.647,4.25,2.873,10.335,2.439,3.796,7.166,5.702,6.031,6.706,6.213,3.418,8.527,9.549,2.395,2.412,5.027,4.436,8.311,6.051,5.216,4.68,2.851,5.124,2.658,4.976,2.664,4.874,5.007,3.029,3.835,5.357,3.977,5.462,2.47,2.897,4.072,6.146,6.177,2.259,2.509,3.981,5.686
GSM2630774,CONTROL,TRAINING,5.674,5.064,8.44,7.323,2.492,7.717,4.728,3.125,11.156,2.671,3.545,6.673,5.569,5.957,7.011,4.815,3.196,7.623,8.706,2.823,2.39,4.092,3.996,6.948,5.795,4.663,5.607,2.796,5.51,2.84,5.593,2.935,5.187,5.857,2.956,3.427,5.245,3.975,5.305,2.505,3.184,3.824,5.13,5.686,2.567,3.137,5.06,5.644
GSM2630777,CONTROL,TRAINING,5.537,5.476,8.019,7.343,2.15,7.573,4.44,2.592,11.08,2.759,3.405,6.792,5.185,6.012,6.445,4.757,3.191,7.47,8.397,2.236,2.268,4.523,4.579,6.838,5.402,4.409,5.08,2.614,5.111,2.591,4.788,2.514,5.262,6.508,2.637,3.829,5.045,3.512,5.488,2.191,2.88,3.596,4.928,5.34,2.55,3.015,5.423,5.202
GSM2630778,CONTROL,TRAINING,5.742,5.448,8.012,7.302,2.12,8.198,4.831,2.913,12.184,2.809,3.679,7.09,5.341,6.579,6.736,5.128,3.129,7.924,8.442,2.496,2.584,4.872,4.493,6.161,4.37,4.761,4.877,2.582,5.6,2.875,4.674,2.719,5.4,6.345,2.883,3.534,5.593,3.851,5.05,2.522,2.994,3.843,5.464,5.168,2.318,2.513,5.316,5.639
GSM2630779,CONTROL,TRAINING,5.243,5.058,9.087,7.072,2.249,8.118,4.842,2.817,11.175,2.67,3.704,6.864,5.156,5.823,6.562,5.343,3.243,7.196,8.248,2.512,2.506,4.599,4.472,6.894,4.605,5.129,5.104,2.595,4.927,3.038,4.913,2.767,4.967,5.418,2.95,3.821,5.439,3.548,5.231,2.247,3.007,4.089,5.573,5.604,2.369,2.687,4.972,5.432
GSM2630780,CONTROL,TRAINING,5.407,5.471,9.587,7.267,2.543,7.778,4.234,2.863,9.9,2.446,4.109,6.799,5.17,6.541,6.375,4.909,3.176,7.752,9.285,2.451,2.191,4.67,4.427,7.426,5.297,4.675,4.671,2.955,5.629,2.526,4.78,2.774,5.056,6.15,2.717,3.623,5.698,3.308,5.412,2.412,3.07,3.944,5.04,5.243,2.606,2.75,5.155,4.631
GSM2630781,IPD,VALIDATION,5.651,5.233,8.547,7.431,2.087,7.771,4.846,2.903,11.599,2.789,4.048,6.858,5.646,6.047,6.501,4.792,2.961,7.47,8.732,2.624,2.401,4.549,4.677,6.987,4.957,4.926,5.492,2.867,5.134,3.008,5.208,2.862,5.431,5.736,2.744,3.218,5.557,3.842,5.471,2.543,3.632,4.015,5.001,5.589,2.638,2.586,5.369,5.244
GSM2630783,CONTROL,TRAINING,5.586,5.316,8.566,7.328,2.422,7.728,4.695,3.095,10.833,2.563,3.66,6.823,5.318,6.175,6.497,5.448,3.061,7.293,8.273,2.669,2.557,4.871,4.335,7.177,4.782,4.845,4.813,2.611,5.419,2.452,5.248,2.706,5.26,5.666,3.019,3.82,5.511,3.337,5.396,2.377,3.077,3.88,5.252,5.263,2.401,2.266,5.085,4.891
GSM2630784,CONTROL,TRAINING,5.4,5.409,9.013,7.209,2.088,7.579,4.356,2.72,10.79,2.73,3.462,6.829,5.314,6.274,6.278,5.235,2.985,7.971,8.988,2.366,2.311,4.494,4.595,7.072,6.109,5.042,5.186,2.567,5.322,2.529,4.989,2.662,5.211,6.635,2.787,3.632,6.116,3.65,5.593,2.455,3.25,3.943,5.195,5.903,2.68,2.713,5.711,4.686
GSM2630785,CONTROL,TRAINING,5.735,5.041,8.661,7.678,2.522,7.923,4.538,3.172,11.151,2.682,4.155,6.965,5.708,6.552,6.353,4.585,3.127,7.529,8.572,2.518,2.373,4.922,4.751,5.788,4.831,5.408,4.935,3.03,5.96,2.882,5.463,2.402,5.308,5.44,3.561,4.006,5.385,3.997,5.629,2.644,3.077,4.089,5.183,5.391,2.549,2.681,4.828,5.221
GSM2630787,CONTROL,TRAINING,5.488,5.753,8.719,7.18,2.036,8.189,3.998,2.75,11.705,2.801,3.968,6.932,5.229,6.184,6.484,4.922,3.427,7.632,8.798,2.271,2.128,4.777,4.42,5.053,5.384,4.886,5.126,2.479,5.02,2.563,4.732,2.494,4.75,6.184,2.833,3.616,5.664,3.155,5.174,2.648,3.098,3.858,4.621,4.774,2.379,2.361,5.768,4.688
GSM2630788,CONTROL,TRAINING,5.371,5.708,8.343,7.002,2.117,8.162,3.771,2.675,11.996,2.945,3.505,6.904,5.234,6.387,6.675,4.667,2.988,7.781,8.834,2.043,2.176,4.366,4.512,5.307,5.171,4.724,5.348,2.756,5.368,2.759,4.551,3.057,5.463,6.883,2.991,3.387,5.702,3.297,5.81,2.619,3.129,3.986,5.351,5.082,2.437,2.655,5.9,5.135
GSM2630789,CONTROL,TRAINING,5.579,5.409,8.308,7.69,2.218,7.953,4.531,3.13,11.849,2.695,3.688,6.973,5.78,6.318,6.606,5.568,3.406,7.479,8.234,2.438,2.45,5.087,4.493,5,4.718,4.952,5.334,3.055,5.49,2.902,5.461,2.818,5.337,6.046,3.059,3.623,5.33,3.594,5.442,2.498,3.021,3.963,4.462,4.906,2.907,2.569,5.301,5.268
GSM2630790,CONTROL,TRAINING,5.421,5.332,8.25,7.168,2.364,8.126,4.402,3.13,11.724,2.498,3.604,6.915,5.572,6.177,6.129,5.028,3.125,7.176,8.152,2.51,2.305,4.799,4.553,5.599,3.887,4.842,5.273,2.575,5.39,2.683,4.907,2.728,5.089,5.618,2.948,4.048,5.314,3.583,5.322,2.44,3.126,3.874,4.682,5.378,2.398,2.567,5.348,5.489
GSM2630791,IPD,VALIDATION,5.708,4.993,8.239,7.025,2.121,8.541,4.287,2.786,11.958,2.834,3.64,7.056,5.337,6.338,6.241,4.535,3.4,7.585,8.165,2.598,2.367,4.978,4.725,5.845,5.364,4.529,4.859,2.51,5.328,2.667,4.593,2.608,5.335,6.458,2.662,3.726,5.864,3.489,4.917,2.466,3.332,3.837,4.727,5.118,2.115,2.68,5.513,5.468
GSM2630793,IPD,VALIDATION,5.55,4.879,8.204,7.257,2.179,7.677,3.929,2.889,11.408,2.429,3.458,7.149,5.44,6.193,6.407,4.811,3.156,7.903,8.61,2.646,2.279,4.464,4.47,5.986,5.759,4.559,5.104,2.651,5.312,2.331,5.204,2.497,5.223,5.945,2.758,3.59,6.096,3.961,4.948,2.106,3.38,4.229,4.33,4.936,2.519,3.009,5.238,5.406
GSM2630794,IPD,TRAINING,5.346,5.23,7.912,6.934,2.212,8.215,4.201,2.881,12.018,2.627,3.343,6.903,4.894,6.482,6.531,4.769,2.986,7.816,8.166,2.565,2.214,4.664,4.703,5.981,5.497,4.43,4.988,2.402,4.982,2.699,4.592,3.542,5.924,6.853,2.687,3.551,6.149,3.552,4.879,2.718,3.161,3.515,4.875,4.941,2.944,2.593,5.653,5.313
GSM2630795,IPD,TRAINING,5.232,5.151,7.354,7.076,2.272,7.941,4.452,2.674,12.258,2.599,3.68,6.992,5.219,6.781,6.583,4.645,2.994,7.753,8.409,2.371,2.244,4.683,4.052,6.265,5.297,4.891,5.017,2.686,5.269,2.803,4.896,3.504,5.371,6.252,2.517,3.505,5.895,3.496,5.298,2.154,3.378,3.706,4.775,4.869,2.576,2.581,5.794,5.18
GSM2630799,CONTROL,TRAINING,5.269,5.132,7.815,7.47,2.264,7.648,4.931,2.913,11.726,2.496,3.576,6.918,5.228,6.5,6.558,5.432,2.97,7.671,8.117,2.43,2.44,4.889,4.351,5.655,5.228,4.91,5.022,2.721,5.252,2.85,4.944,2.765,4.799,5.985,2.766,3.775,5.671,3.731,5.034,2.48,3.086,3.647,4.609,5.162,2.393,2.762,5.298,5.514
GSM2630800,CONTROL,TRAINING,5.774,5.372,8.811,6.9,2.202,8.205,4.217,2.694,11.599,2.634,3.74,6.736,5.207,5.779,6.443,5.692,3.366,7.623,8.537,2.421,2.338,4.411,4.34,5.543,5.06,4.988,4.917,2.52,4.779,2.237,4.739,2.759,5.487,6.511,3.13,3.439,5.541,3.415,5.511,2.67,3.41,3.862,4.61,5.35,2.495,2.547,6.056,5.827
GSM2630801,IPD,TRAINING,5.172,5.866,7.374,7.145,2.261,8.09,4.027,2.878,13.327,2.565,3.781,6.833,5.467,5.988,6.615,5.6,3.388,7.335,8.616,2.262,2.573,4.602,4.697,5.941,4.623,4.85,5.377,2.674,5.364,3.104,4.915,2.543,5.199,6.064,2.912,3.848,4.674,3.821,5.6,2.333,2.827,3.867,4.735,5.195,2.504,2.657,5.991,5.757
GSM2630802,IPD,VALIDATION,5.584,5.435,8.666,7.333,2.155,7.934,4.497,3.016,11.795,2.772,3.541,6.958,5.368,6.814,6.946,5.431,3.211,7.862,8.417,2.764,2.482,4.548,4.424,5.833,5.369,4.93,5.287,2.608,5.087,2.617,4.723,2.762,5.568,5.864,3.02,3.841,5.667,3.534,5.414,2.604,3.165,3.956,4.465,5.209,2.412,2.462,5.851,5.995
GSM2630803,CONTROL,TRAINING,5.425,5.246,9.068,7.026,2.156,8.275,4.555,2.938,11.346,2.439,3.591,7.104,5.471,6.688,6.867,4.895,3.006,8.115,8.658,2.636,2.114,4.179,4.473,5.965,5.153,4.536,4.693,2.519,4.892,2.679,5.098,2.505,5.215,6.715,2.737,4.084,5.572,3.334,4.955,2.552,3.405,3.615,4.79,5.325,2.22,2.623,5.269,4.562
GSM2630804,IPD,TRAINING,5.422,5.052,7.927,7.541,2.228,7.528,4.26,2.715,11.169,2.677,3.541,7.019,5.329,5.844,6.568,4.866,3.249,7.366,8.14,2.384,2.602,4.863,4.455,5.389,5.08,4.933,4.961,3.014,5.28,2.742,5.436,2.762,5.055,6.102,3.167,3.511,5.543,3.684,5,2.416,2.859,3.918,3.95,5.358,2.627,2.492,5.32,5.095
GSM2630805,IPD,TRAINING,5.048,5.118,9.885,6.837,2.353,7.984,4.19,2.863,10.71,2.488,3.552,7.034,5.592,5.8,6.293,5.105,3.159,8.03,8.968,2.664,2.254,4.697,4.189,6.061,5.034,4.969,4.86,3.097,5.114,2.614,5.033,2.346,4.991,6.047,2.805,3.641,5.617,3.431,5.057,2.52,3.04,3.907,4.218,5.106,2.431,2.872,5.148,4.997
GSM2630806,IPD,TRAINING,5.214,5.686,9.201,6.887,2.074,8.357,4.375,2.774,11.297,2.352,3.546,7.156,5.172,6.403,6.584,4.704,2.908,8.409,9.174,2.419,2.154,4.172,4.01,6.544,5.645,4.564,4.907,2.761,5.096,2.716,4.744,2.786,5.678,6.565,2.787,3.703,6.053,3.492,4.755,2.727,2.944,3.78,4.589,4.795,2.241,2.679,5.718,5.147
GSM2630807,IPD,TRAINING,5.631,5.364,8.829,6.696,2.264,7.857,4.552,2.863,12,2.488,3.348,6.835,5.219,6.268,6.27,4.745,2.957,7.879,8.849,2.371,2.192,4.611,3.91,6.837,5.378,4.672,5.406,2.719,5.082,2.706,4.91,2.542,5.169,6.145,2.72,3.544,5.655,3.693,5.354,2.316,2.959,3.813,5.289,5.365,2.42,2.515,5.301,5.65
GSM2630810,CONTROL,TRAINING,6.078,5.277,8.065,7.303,2.194,8.321,4.989,2.741,12.327,2.732,3.653,7.041,5.288,6.502,6.731,4.825,3.006,7.532,8.14,2.239,2.395,4.489,4.513,6.881,5.234,5.036,5.452,2.95,5.402,2.874,4.969,2.642,5.171,5.769,2.782,3.89,5.55,3.753,5.133,2.267,2.896,3.879,5.298,5.611,2.333,2.84,5.614,5.287
GSM2630812,CONTROL,TRAINING,5.297,5.492,8.637,7.29,2.169,7.904,4.9,2.689,11.601,2.597,3.65,7.047,5.195,6.036,6.646,5.017,3.389,8.245,8.842,2.519,2.335,4.56,4.328,6.721,5.292,4.905,4.885,2.652,5.397,2.6,4.777,2.373,4.982,5.949,2.74,3.702,6.312,3.473,5.228,2.471,2.849,3.656,4.983,5.032,2.496,2.635,5.349,5.738
GSM2630813,IPD,VALIDATION,5.485,5.651,9.767,7.14,2.368,7.939,4.137,2.819,11.23,2.773,3.843,6.935,5.252,6.205,6.643,5.74,3.48,8.06,8.981,2.399,2.19,4.793,4.419,7.926,6.19,4.947,5.505,2.959,5.264,3.003,5.15,2.473,4.806,5.738,2.907,3.556,5.829,3.64,5.134,2.513,3.267,3.699,5.762,5.945,2.463,2.442,5.22,6.001
GSM2630815,IPD,TRAINING,4.978,6.039,8.405,6.577,1.921,7.55,4.797,2.647,10.961,2.584,3.638,6.891,4.835,6.63,6.757,4.493,2.712,8.329,9.244,2.367,2.392,4.057,4.005,7.357,5.754,4.798,5.453,2.805,4.786,2.622,4.338,3.051,5.616,6.545,2.621,3.237,6.431,3.119,5.086,2.771,3.294,3.468,5.647,5.947,2.863,3.143,5.786,5.683
GSM2630816,CONTROL,TRAINING,5.241,5.724,8.993,6.948,2.077,7.463,4.243,2.826,11.863,2.753,3.724,7.087,4.819,6.198,6.601,4.761,3.052,8.063,9.167,2.325,2.266,4.101,4.028,6.928,5.52,4.938,5.318,2.57,5.189,2.522,4.629,2.424,5.384,5.964,2.774,3.82,5.618,3.708,5.467,2.438,3.091,3.654,4.848,5.304,2.556,2.546,5.686,5.671
GSM2630817,IPD,TRAINING,5.56,5.941,8.794,7.156,2.244,7.523,4.287,3.03,11.399,2.565,3.727,7.006,5.267,6.379,6.358,4.799,3.335,8.08,9.11,2.486,2.218,4.539,4.267,7.263,6.008,4.796,5.029,2.727,5.318,2.664,4.873,2.305,4.801,6.162,2.932,3.668,6.033,3.533,5.345,2.424,2.777,3.69,5.134,5.605,2.575,2.696,5.277,5.662
GSM2630818,CONTROL,VALIDATION,5.363,5.43,9.383,7.54,2.308,7.611,4.522,2.746,10.954,2.765,3.776,6.824,5.405,6.36,6.776,4.838,3.445,8.091,9.046,2.448,2.513,4.568,4.362,7.244,5.369,5.133,5.158,2.915,5.349,2.559,5.236,2.757,4.954,5.826,2.742,3.617,5.86,3.912,5.383,2.554,2.907,3.463,5.555,6.025,2.615,2.587,4.819,5.71
GSM2630821,IPD,TRAINING,5.397,5.674,7.947,6.648,2.237,7.767,4.583,2.846,12.184,2.497,3.79,6.616,4.983,6.044,6.514,4.864,2.901,7.931,8.89,2.341,2.088,4.566,4.221,7.294,5.08,4.606,5.39,2.724,5.412,2.631,4.773,2.669,5.716,6.54,3.084,3.706,5.526,3.514,5.123,2.479,2.873,3.975,5.349,6.152,2.785,2.437,5.664,5.559
GSM2630822,IPD,TRAINING,5.572,6.002,8.378,7.527,2.25,7.401,4.133,2.929,11.436,2.433,3.515,7.046,5.351,6.116,6.392,4.819,3.219,8.057,9.039,2.311,2.331,4.563,4.416,6.93,5.564,4.98,5.66,2.798,5.261,2.488,5.309,2.329,5.174,5.644,3.251,3.702,6.311,3.754,5.267,2.492,2.717,3.836,4.651,5.137,2.554,2.44,5.069,6.118
GSM2630823,IPD,TRAINING,5.626,5.095,7.413,7.379,2.17,8.325,4.949,2.696,11.985,2.569,3.383,6.843,5.456,6.389,6.782,4.657,3.086,7.401,7.902,2.43,2.367,4.798,4.447,7.373,4.133,4.91,4.967,2.635,5.296,2.797,4.9,2.518,5.219,5.731,2.831,3.589,4.996,3.602,5.591,2.513,2.938,3.882,6.412,6.028,2.513,2.646,5.999,5.459
GSM2630824,IPD,TRAINING,5.368,5.436,8.954,6.949,2.251,7.887,4.211,2.88,11.218,2.498,3.514,6.81,5.346,6.074,6.344,5.667,3.114,8.058,8.851,2.438,2.138,4.771,3.947,6.88,5.386,4.816,5.19,2.824,5.228,2.515,4.573,2.372,4.868,6.065,3.166,3.575,5.838,3.496,5.243,2.59,3.021,3.557,4.878,5.556,2.567,2.357,5.535,6.563
GSM2630825,IPD,TRAINING,5.278,5.585,8.363,6.911,2.02,8.038,4.539,2.824,11.59,2.616,3.696,6.934,5.383,6.19,6.616,5.167,3.178,8.141,8.984,2.497,2.098,4.556,4.055,7.282,5.601,4.968,5.121,2.895,5.22,2.797,4.686,2.933,5.714,6.34,2.652,3.68,5.402,3.677,5.243,2.492,3.106,3.667,4.483,5.185,2.43,2.594,5.623,5.851
GSM2630826,IPD,TRAINING,5.07,5.41,8.42,7.303,2.109,7.931,4.536,2.659,12.051,2.723,3.616,6.802,5.458,5.983,6.274,5.064,3.178,7.753,8.738,2.544,2.2,4.372,4.263,6.556,5.333,4.836,5.443,2.841,4.903,2.624,4.941,2.654,5.083,6.186,2.852,3.439,5.356,3.756,5.137,2.481,2.931,3.97,4.602,5.308,2.41,2.497,5.638,6.036
GSM2630827,IPD,VALIDATION,5.349,5.898,8.92,6.996,2.251,7.392,4.445,2.776,10.996,2.601,3.829,6.877,5.385,6.544,6.381,5.165,3.224,8.171,8.852,2.283,2.409,4.372,4.469,6.977,5.277,4.752,4.972,2.737,5.206,2.78,4.949,2.771,5.393,5.974,2.948,3.667,5.551,3.426,5.634,2.794,3.014,3.824,4.701,5.614,2.234,2.485,5.654,5.27
GSM2630828,IPD,TRAINING,5.389,6.145,9.123,7.431,2.044,7.525,3.913,2.676,11.469,2.547,3.605,6.922,5.362,6.314,6.138,5.061,3.427,8.24,9.177,2.358,2.108,4.393,3.944,7.306,6.086,4.462,5.326,2.652,5.217,2.249,4.708,2.761,5.162,6.293,2.866,3.674,5.83,3.519,5.173,2.274,3.106,3.694,4.792,5.571,2.549,2.515,5.656,5.672
GSM2630829,IPD,TRAINING,5.197,5.909,8.667,6.651,2.281,7.638,4.114,2.847,11.665,2.444,3.626,7.044,5.06,6.109,6.193,5.151,3.132,8.146,9.282,2.377,2.143,4.296,4.221,7.428,6.22,4.768,4.99,2.695,5.164,2.837,4.598,2.801,5.551,6.363,3.164,3.437,5.85,3.544,5.145,2.734,3.179,3.538,4.293,5.496,2.429,2.945,5.481,5.168
GSM2630830,CONTROL,TRAINING,5.664,5.755,8.079,7.12,2.178,7.609,4.353,3.02,11.387,2.588,3.709,7.122,5.467,6.158,6.291,5.14,2.977,8.006,8.549,2.482,2.195,4.651,4.405,5.851,5.265,4.773,5.355,2.792,4.972,2.484,5.045,2.413,5.282,6.118,2.821,3.69,5.362,3.633,5.193,2.758,3.011,3.623,4.275,5.039,2.331,2.675,5.717,5.949
GSM2630835,IPD,TRAINING,5.133,5.599,8.642,7.037,2.054,7.778,4.183,2.868,11.296,2.481,3.744,6.978,5.505,5.89,6.015,4.791,3.438,7.878,9.121,2.335,2.261,4.801,4.237,6.91,5.45,4.611,4.886,2.639,5.152,2.591,4.749,3.057,4.979,6.091,2.782,3.708,5.529,3.196,5.219,2.658,3.13,3.788,4.705,5.018,2.673,2.628,6.002,5.348
GSM2630837,IPD,TRAINING,5.201,5.728,9.411,6.826,2.229,7.863,3.828,2.965,10.053,2.395,3.831,6.931,5.287,6.458,5.82,6.019,3.299,8.273,9.224,2.716,2.178,4.616,4.327,6.031,5.665,4.83,4.742,2.809,5.223,3.01,4.864,2.426,6.062,6.154,2.882,3.581,5.607,3.336,5.482,2.655,3.245,3.934,4.455,5,2.643,2.899,5.56,5.825
GSM2630838,IPD,VALIDATION,5.484,5.813,8.554,7.073,2.207,8.2,3.945,3.014,11.846,2.622,3.909,7.048,5.382,6.306,6.142,5.468,3.291,7.538,8.69,2.453,2.328,4.54,4.442,4.954,5.469,4.984,5.265,2.622,5.017,3.106,4.567,2.688,5.707,6.755,2.826,3.739,5.385,3.638,5.496,2.713,3.193,3.804,3.82,5.108,2.532,2.725,6.021,4.579
GSM2630839,IPD,VALIDATION,5.687,6.038,8.678,6.795,2.298,8.311,3.84,3.143,11.694,2.65,3.33,7.127,5.361,7.025,6.58,5.407,3.256,7.708,8.919,2.473,2.275,5.028,4.574,5.023,5.414,4.615,4.995,2.778,5.086,2.88,4.371,2.661,5.841,6.61,2.739,3.507,5.234,3.431,5.651,2.492,3.071,3.937,3.929,5.271,2.66,2.483,6.001,4.911
GSM2630840,CONTROL,TRAINING,5.447,5.639,8.597,6.992,2.25,7.862,4.155,2.83,11.415,2.371,3.877,6.971,5.379,5.943,6.403,5.143,3.281,7.745,8.865,2.63,2.112,4.364,4.201,6.229,5.588,4.676,5.25,2.677,5.459,2.89,4.981,2.693,5.453,6.114,3.188,3.913,5.386,3.696,5.184,2.26,2.855,3.52,4.556,5.6,2.759,2.559,5.555,6.498
GSM2630841,IPD,VALIDATION,4.869,6.017,8.766,7.163,2.137,7.813,3.863,2.681,11.159,2.668,3.663,6.832,5.023,6.111,6.04,5.045,3.224,7.945,8.868,2.275,2.323,4.509,4.161,6.425,6.133,4.57,5.494,2.647,5.027,2.493,4.7,2.532,5.773,6.366,2.884,3.47,5.921,3.791,5.552,2.641,2.909,3.446,4.684,5.019,2.495,2.948,5.936,5.581
GSM2630842,IPD,TRAINING,5.235,5.349,8.733,7.076,2.146,7.903,3.977,2.81,11.317,2.688,3.621,6.923,5.197,5.923,6.172,5.05,3.229,7.888,8.854,2.662,2.106,4.297,4.094,6.207,5.654,4.431,5.559,2.601,5.189,2.86,4.674,2.869,5.284,6.405,2.976,3.654,5.645,3.337,5.424,2.959,2.976,3.343,4.598,4.892,2.639,2.868,6.071,5.341
GSM2630843,CONTROL,TRAINING,5.61,5.805,8.63,6.884,2.033,7.807,3.981,2.747,11.447,2.806,3.379,6.928,5.131,6.91,6.336,5.005,3.222,8.021,8.903,2.582,2.184,4.689,4.289,6.174,5.829,4.861,5.162,2.812,5.166,2.77,4.703,2.125,5.283,6.314,2.861,3.63,5.514,3.412,5.386,2.566,2.892,3.565,4.391,5.258,2.371,2.368,6.014,5.256
GSM2630853,CONTROL,TRAINING,6.238,5.417,8.075,8.321,2.773,6.939,4.434,3.394,9.725,3.194,4.048,6.497,5.913,6.272,5.98,4.611,3.338,6.239,8.4,2.939,2.472,5.517,4.47,5.974,4.843,5.61,5.026,3.108,5.714,3.196,6.21,2.52,5.263,5.546,2.962,4.729,5.048,3.877,5.384,2.519,2.788,4.605,4.382,5.364,2.763,2.425,4.753,4.854
GSM2630854,IPD,TRAINING,5.243,5.7,8.267,6.955,2.26,7.71,4.173,2.86,11.017,2.563,3.374,6.83,4.885,6.352,5.648,4.307,3.037,7.051,8.357,2.352,2.109,4.528,4.29,6.719,5.177,4.619,4.826,2.458,4.75,2.369,4.909,2.696,5.475,6.863,2.678,3.475,5.431,3.25,5.24,2.197,3.082,4.073,5.372,5.97,2.457,3.232,5.503,5.207
GSM2630855,CONTROL,TRAINING,5.258,5.566,8.416,7.132,2.104,7.142,4.005,3.05,11.423,2.679,3.358,6.358,4.91,5.86,5.92,4.525,3.098,7.588,8.738,2.308,1.938,4.57,3.714,7.717,6.261,4.693,5.142,2.779,5.018,2.171,4.984,2.9,5.631,6.087,2.892,3.601,5.987,3.108,4.928,2.348,2.871,3.727,5.899,5.782,2.574,2.871,5.659,5.48
GSM2630856,IPD,TRAINING,5.3,5.566,7.786,6.921,2.369,6.958,3.993,3.383,11.014,2.433,3.697,6.175,5.214,5.414,5.557,4.582,3.867,6.825,8.377,2.241,2.227,5.241,4.012,7.478,5.553,4.512,4.499,2.898,5.331,2.682,5.34,2.677,5.414,5.131,3.095,3.41,5.442,3.562,4.81,2.674,2.643,4.046,5.302,5.752,3.039,2.349,4.791,6.029
GSM2630857,CONTROL,TRAINING,5.064,5.788,7.726,7.092,2.268,6.856,4.141,2.891,12.337,2.377,3.681,6.42,5.38,5.742,5.643,4.679,3.332,7.331,8.707,2.628,2.405,5.221,3.906,7.663,6.262,5.003,4.432,2.788,5.34,2.573,5.076,2.446,5.426,5.959,2.707,4.083,6.11,3.675,5.167,2.204,2.956,4.066,5.249,5.536,2.676,2.682,4.852,5.416
GSM2630861,CONTROL,TRAINING,5.521,5.341,7.767,7.022,2.252,7.27,4.374,3.071,10.99,2.469,3.574,6.264,4.918,5.551,5.802,4.594,2.88,7.271,8.386,2.492,2.524,5.124,4.107,7.21,5.178,4.988,4.493,2.825,5.221,2.643,5.151,2.721,5.428,5.866,2.733,3.523,5.739,4.19,5.221,2.544,3.019,3.765,5.413,6.056,2.948,2.33,4.919,5.039
GSM2630862,IPD,VALIDATION,5.956,5.599,7.896,8.044,2.65,7.69,4.999,3.905,10.902,3.56,4.37,6.783,5.951,6.417,6.276,5.431,3.422,5.729,8.209,2.834,2.468,5.422,5.044,6.05,3.924,5.483,4.475,4.004,6.114,3.71,6.09,2.153,5.782,4.181,2.905,4.657,2.697,4.317,6.204,2.126,3.087,4.842,2.958,5.3,2.953,2.492,4.862,5.153
GSM2630863,CONTROL,TRAINING,5.433,5.379,7.799,7.326,2.117,6.884,4.135,3.466,11.1,2.773,3.615,6.356,5.458,5.446,5.607,4.61,3.469,6.47,8.447,2.656,2.825,5.638,4.032,6.664,4.912,5.101,5.355,2.534,5.066,2.838,5.276,2.772,5.342,5.115,3.349,4.006,5.38,3.823,5.432,2.257,2.696,3.786,4.904,5.518,3.089,2.391,4.175,4.822
GSM2630864,CONTROL,VALIDATION,5.235,5.398,8.283,7.155,2.493,7.075,3.952,2.933,11.557,2.582,3.481,5.916,4.904,5.909,5.457,4.659,3.412,6.962,8.661,2.901,2.256,5.122,3.646,7.246,5.785,4.943,4.721,2.358,5.188,2.584,4.914,3.734,5.658,5.465,2.905,3.794,5.635,3.698,5.2,2.042,2.88,3.631,5.058,5.511,2.301,2.626,5.426,5.912
GSM2630865,CONTROL,TRAINING,5.216,5.493,6.74,7.305,2.108,6.792,4.002,2.963,11.058,2.591,3.468,6.148,4.839,5.522,5.775,4.37,3.439,7.18,8.437,2.317,2.399,4.965,3.889,7.19,6.062,4.592,4.912,2.384,5.234,2.757,4.948,2.585,5.398,6.142,2.815,3.694,5.829,3.797,4.761,2.362,2.634,3.301,5.47,5.615,2.83,2.959,5.505,6.052
GSM2630866,CONTROL,TRAINING,5.074,5.87,8.398,6.821,2.373,7.094,4.391,2.904,11.215,2.293,3.519,6.377,4.185,6.106,5.981,5.053,3.288,7.824,8.968,2.516,2.379,4.817,3.984,7.602,6.069,4.807,4.677,2.826,5.266,2.431,4.911,2.331,5.444,5.788,2.882,3.306,6.375,3.437,5.052,2.365,2.97,3.891,5.152,5.627,2.544,2.645,5.504,5.742
GSM2630867,IPD,TRAINING,5.702,5.738,8.402,7.223,2.476,7.007,3.949,3.07,10.878,2.732,3.544,6.383,5.074,5.744,5.37,4.992,3.545,7.053,8.606,2.5,2.407,5.778,4.223,6.905,5.829,5.208,4.385,2.617,5.016,2.936,5.312,2.524,5.256,5.135,2.86,3.741,6.327,3.705,5.021,2.552,2.977,3.667,5.118,5.502,3.137,2.591,4.799,5.096
GSM2630868,CONTROL,TRAINING,5.485,5.57,7.963,7.162,2.068,7.078,3.971,3.156,11.1,2.646,3.753,6.221,5.045,5.735,5.443,4.682,3.34,7.091,8.55,2.507,2.426,5.132,3.739,6.794,5.851,5.073,4.94,2.507,5.009,2.652,4.792,2.711,5.661,5.946,2.784,3.837,5.399,3.343,5.272,2.206,2.551,3.749,4.994,5.62,2.496,2.198,5.439,5.694
GSM2630869,CONTROL,TRAINING,5.633,5.306,7.531,7.465,2.485,6.944,4.177,3.312,10.996,2.833,3.785,6.386,5.546,5.503,5.769,4.515,3.455,6.774,8.114,2.419,2.553,5.336,4.282,6.728,5.516,5.421,4.763,2.573,5.578,2.711,5.504,2.749,4.876,5.141,2.882,3.82,5.399,3.86,4.799,2.525,2.789,3.815,5.102,5.62,2.824,2.514,4.717,5.51
GSM2630870,IPD,TRAINING,5.615,5.447,7.648,7.384,2.533,7.535,4.873,3.25,11.384,2.674,4.146,6.369,5.796,5.953,6.061,4.588,3.44,6.644,7.874,2.718,2.647,5.734,4.217,7.539,5.752,5.427,4.709,2.647,5.797,2.869,5.622,2.705,4.759,4.329,3.094,3.63,4.772,3.879,5.054,2.304,2.731,3.859,6.677,6.352,2.617,2.361,4.375,5.88
GSM2630871,CONTROL,TRAINING,5.425,4.79,7.728,7.602,2.126,7.426,4.998,3.262,10.279,2.431,3.748,6.167,5.551,5.943,6.168,4.46,3.314,6.465,7.603,2.374,2.379,5.769,4.266,7.825,5.619,5.479,4.649,2.557,5.438,3.009,5.579,3.426,5.568,4.505,3.257,3.803,7.518,3.548,5.153,2.784,2.796,4.258,6.673,6.056,3.009,2.676,5.034,5.701
GSM2630872,CONTROL,TRAINING,4.895,5.912,8.19,6.351,2.226,6.954,4.073,2.951,11.059,2.445,3.113,6.379,4.706,5.378,5.506,3.941,3.136,7.391,8.775,2.337,2.245,3.978,3.937,7.503,6.425,4.464,5.378,2.421,5.042,2.351,4.783,2.681,5.662,5.96,2.627,3.397,6.046,3.633,4.634,2.523,2.856,3.225,5.527,5.903,2.9,2.869,5.676,5.899
GSM2630873,CONTROL,TRAINING,5.37,5.452,8.613,6.988,2.004,7.343,4.179,2.858,11.523,2.84,3.54,6.691,5.108,6.121,6.314,4.505,3.262,7.346,8.573,2.288,2.46,4.682,4.207,7.084,5.499,4.964,4.669,2.663,4.956,2.302,5.003,3.19,5.62,6.197,2.878,3.925,5.91,3.816,4.822,2.158,2.528,3.613,5.059,5.657,2.977,2.545,5.389,5.611
GSM2630874,CONTROL,TRAINING,5.102,5.197,7.534,6.66,2.362,7.124,3.99,3.177,11.654,2.493,3.76,6.296,4.626,5.467,4.994,4.377,2.933,6.763,8.156,2.414,2.303,5.024,3.845,6.685,5.045,4.414,4.898,2.954,5.015,2.484,4.738,2.819,5.295,5.678,2.849,4.111,5.914,3.451,5.388,2.294,2.589,3.653,4.952,5.656,2.752,2.541,5.405,5.596
GSM2630876,CONTROL,TRAINING,5.542,5.537,8.351,6.85,2.204,7.051,4.104,2.932,11.316,2.787,3.341,6.417,4.945,5.714,5.356,4.715,2.833,7.298,8.587,2.692,2.21,4.428,4.058,7.152,5.888,4.778,4.962,2.897,5.286,3.2,4.792,2.557,6.022,6.64,2.633,3.495,6.097,3.857,5.123,2.328,2.616,3.898,5.205,5.484,2.779,2.809,5.312,5.171
GSM2630877,CONTROL,TRAINING,5.132,5.669,8.223,6.485,2.067,7.804,4.035,2.562,12.005,2.482,3.425,6.327,5.063,5.807,5.463,4.228,2.844,7.2,8.132,2.144,2.012,4.486,3.933,7.121,4.99,4.547,4.797,2.557,5.182,2.297,4.423,3.236,5.359,6.55,2.39,3.529,5.551,3.441,4.808,2.262,2.694,3.993,6.24,6.245,2.556,2.653,5.495,6.514
GSM2630878,CONTROL,TRAINING,5.184,5.772,8.636,6.599,2.096,7.034,4.199,2.814,11.126,2.632,3.508,6.762,4.653,6.139,5.736,4.402,2.998,7.693,8.602,2.468,2.141,4.126,3.778,7.378,5.933,4.769,5.725,2.631,5.058,2.475,4.719,3.11,6.028,6.738,2.768,3.33,6.066,3.51,4.976,2.705,2.876,3.771,6.308,6.316,2.491,2.833,5.71,4.88
GSM2630879,CONTROL,VALIDATION,5.659,5.857,7.612,7.078,2.12,7.208,4.33,2.769,11.114,2.454,3.559,6.815,4.937,6.156,5.652,3.922,3.267,6.993,8.164,2.197,2.03,5.236,4.005,6.92,5.233,5.03,4.563,2.448,5.21,2.504,5.167,2.587,5.422,6.086,2.673,3.813,6.068,3.525,5.326,2.606,2.947,4.161,5.362,5.878,2.429,2.284,5.884,5.267
GSM2630880,CONTROL,TRAINING,5.381,5.261,7.149,7.86,2.382,6.691,4.846,3.276,10.814,2.945,3.816,6.268,5.835,5.994,6.044,4.579,3.503,6.394,7.626,2.328,2.379,5.577,4.373,6.551,4.8,5.188,4.943,2.684,5.301,3.06,5.676,2.687,5.503,5.195,3.15,4.236,5.292,3.934,5.204,2.576,2.814,4.291,4.769,5.716,2.881,2.418,4.8,5.528
GSM2630881,CONTROL,TRAINING,5.537,5.443,7.543,7.142,2.348,6.971,3.985,2.825,10.946,2.534,3.286,6.338,4.715,5.898,5.549,4.081,3.14,6.842,8.038,2.308,2.383,4.733,3.917,6.832,5.739,4.873,4.935,2.389,5.034,2.89,5.299,3.108,5.673,6.21,2.743,3.701,5.974,3.479,4.518,2.272,2.496,3.723,5.091,5.464,2.781,2.732,5.551,5.993
GSM2630882,CONTROL,TRAINING,5.256,5.552,8.046,6.969,2.363,6.76,4.619,2.815,11.195,2.824,3.524,6.176,4.875,5.666,5.772,4.739,3.225,7.549,8.613,2.363,2.133,5.169,3.675,7.691,5.8,4.796,4.849,2.532,5.028,2.465,5.188,3.007,5.874,5.774,2.794,3.263,6.434,3.578,4.709,2.524,2.622,3.664,5.586,5.755,2.77,2.724,5.249,5.251
GSM2630883,CONTROL,TRAINING,5.301,5.208,8.401,7.265,2.593,7.166,4.77,2.911,11.225,2.7,3.807,6.118,4.859,5.823,4.987,4.849,4.06,6.942,8.323,2.388,2.044,4.521,4.023,6.763,5.168,4.951,4.879,2.805,5.488,2.722,4.759,2.548,5.453,5.771,2.816,3.848,5.485,3.624,4.721,2.839,2.755,3.792,5.317,5.236,2.475,2.562,4.835,5.315
GSM2630884,CONTROL,TRAINING,5.323,5.224,7.622,7.118,2.17,7.542,4.729,2.927,11.385,2.741,3.599,6.468,5.248,5.848,5.587,4.853,3.041,6.52,7.87,2.093,2.266,4.795,3.907,6.975,4.816,4.642,5.005,2.732,4.889,2.733,4.673,3.524,5.057,6.139,2.558,3.282,4.775,3.648,5.425,2.365,2.657,3.945,5.577,5.807,2.692,2.926,5.458,5.39
GSM2630885,CONTROL,TRAINING,5.399,5.338,7.563,7.47,2.348,6.863,4.48,3.218,10.923,2.648,3.775,6.021,4.977,5.702,5.564,4.625,3.279,7.035,8.482,2.415,2.583,4.989,3.849,7.391,5.523,4.935,4.696,3.034,5.157,2.891,5.256,3.276,5.265,5.576,3.063,3.847,5.731,4.04,5.208,2.55,2.586,3.94,5.823,5.794,2.497,2.681,4.824,4.625
GSM2630886,IPD,TRAINING,5.376,5.462,8.073,7.101,2.236,7.178,4.007,3.081,11.888,2.502,3.199,6.443,4.918,5.353,5.69,4.818,2.988,7.298,8.699,2.536,2.022,4.898,3.907,7.044,5.657,4.524,4.806,2.641,5.269,2.798,5.212,2.682,5.264,6.385,2.884,3.139,5.891,3.308,4.369,2.031,2.967,3.609,4.975,5.536,2.573,2.314,5.453,4.79
GSM2630888,CONTROL,TRAINING,5.502,5.598,7.908,6.844,1.996,7.184,4.583,2.934,11.316,2.958,3.518,6.867,4.944,6.035,5.823,4.476,3.274,7.071,8.329,2.58,2.784,4.914,3.968,6.601,4.98,4.901,4.868,2.858,5.283,2.564,4.907,3.069,5.181,5.834,2.9,3.642,6.114,3.785,5.114,2.44,2.749,3.859,4.916,5.644,3.145,2.521,5.072,5.247
GSM2630890,IPD,TRAINING,5.222,5.006,8.513,7.105,2.366,7.353,4.781,2.965,11.448,2.647,3.742,6.165,5.591,5.14,5.565,5,3.27,6.78,8.55,2.381,2.439,4.951,3.984,6.963,4.48,4.915,4.905,2.616,5.352,2.638,5.205,2.547,4.885,5.701,3.256,3.935,4.991,4.138,5.251,2.523,2.502,4.058,4.971,5.744,2.423,2.674,4.497,5.241
GSM2630891,IPD,TRAINING,5.685,5.061,8.258,7.304,2.258,7.397,4.579,3.172,10.948,2.571,4.023,6.284,5.661,5.91,5.845,4.956,3.658,6.874,8.584,2.716,2.527,5.181,4.127,7.336,5.27,5.657,4.743,2.753,5.767,3.319,5.289,2.639,4.243,5.823,3.706,4.262,5.684,3.813,5.333,2.254,2.638,4.031,6.313,5.849,2.186,2.662,4.913,5.275
GSM2630892,IPD,TRAINING,5.662,5.051,8.219,7.721,2.354,7.439,4.872,3.185,11.562,2.572,4.446,6.35,5.763,5.992,5.672,4.432,3.83,5.726,7.213,2.499,2.387,6.011,4.555,6.748,4.08,5.703,4.571,3.106,5.608,3.314,6.136,2.486,4.513,4.504,3.221,4.416,4.152,3.883,4.473,2.43,2.771,3.905,5.695,5.731,3.052,2.538,4.549,5.282
GSM2630893,IPD,TRAINING,5.209,5.449,9.092,7.033,2.087,7.337,4.08,2.803,10.733,2.697,3.353,6.507,4.704,5.765,5.11,4.349,3.154,7.326,8.626,2.555,2.373,4.847,3.669,6.744,5.454,4.316,5.032,2.73,5.048,2.483,4.794,2.7,5.457,6.273,2.726,3.719,6.098,3.361,5.042,2.318,2.875,3.59,5.419,5.171,2.642,2.494,5.183,5.229
GSM2630895,IPD,TRAINING,5.343,5.009,8.17,7.074,2.356,7.266,4.256,2.965,11.769,2.443,3.707,6.412,5.234,5.008,5.538,4.594,3.687,6.89,8.33,2.419,2.477,5.18,3.939,7.503,4.225,5.147,4.775,2.736,5.241,2.703,5.119,2.659,5.458,5.889,2.966,3.57,5.41,3.524,5.102,2.741,2.487,4.33,5.985,6.164,2.657,2.5,5.282,5.456
GSM2630896,CONTROL,TRAINING,4.761,5.806,8.153,6.258,2.143,7.132,3.736,2.571,10.793,2.471,3.066,6.413,4.801,5.708,5.341,3.927,2.635,7.391,8.894,2.337,2.188,4.753,3.726,7.077,6.329,4.54,5.231,2.021,4.686,2.599,4.87,3.392,5.481,7.034,2.869,3.599,6.439,3.26,4.572,2.634,2.967,3.305,5.367,5.052,2.321,2.67,5.182,4.916
GSM2630897,CONTROL,TRAINING,5.218,5.489,8.302,6.781,2.084,6.574,3.754,2.876,11.286,2.492,3.413,6.2,4.546,4.722,5.049,4.026,2.921,7.045,8.627,2.875,2.283,4.254,3.436,6.975,5.785,4.386,5.104,2.355,4.879,2.365,4.762,2.976,5.183,6.029,2.588,3.258,6.105,3.689,4.839,1.94,3.285,3.722,5.076,5.364,2.815,2.394,5.624,5.441
GSM2630898,IPD,VALIDATION,6.34,5.474,8.071,8.074,2.723,7.139,4.512,3.245,10.64,3.166,4.736,6.617,6.05,5.79,6.011,4.526,3.419,5.89,7.419,3.145,2.248,5.861,4.286,6.508,4.268,5.552,4.532,3.801,5.75,2.934,5.985,3.028,5.216,5.444,2.998,4.666,4.298,4.087,5.584,2.392,3.033,4.113,5.232,5.878,2.603,2.474,4.719,5.184
GSM2630899,CONTROL,VALIDATION,5.622,5.517,7.896,7.393,2.187,7.575,4.965,2.841,11.313,2.804,3.336,6.057,5.489,5.409,6.058,4.324,3.16,6.836,8.369,2.399,2.278,4.74,4.019,7.143,4.981,4.993,4.648,3.031,5.466,2.554,5.317,2.715,5.25,5.789,2.718,3.841,5.096,3.631,4.989,2.774,2.934,3.675,5.591,5.847,2.556,2.462,5.056,4.967
GSM2630900,IPD,VALIDATION,5.452,4.758,9.094,7.271,2.593,7.603,4.539,2.931,11.259,2.792,3.621,6.198,5.208,5.829,5.157,4.939,3.324,6.885,8.475,2.639,2.441,5.527,4.038,7.84,5.846,5.091,4.622,2.608,5.602,2.757,5.384,2.393,5.452,5.168,2.997,3.697,5.251,4.055,4.539,2.698,2.499,4.11,5.591,5.947,2.668,2.706,4.743,5.123
GSM2630901,IPD,TRAINING,5.744,5.108,7.723,7.35,2.16,7.941,4.796,3.074,11.628,2.552,3.9,6.584,5.388,5.93,5.69,4.432,3.622,6.134,7.57,2.711,2.597,5.589,4.571,6.758,4.317,5.589,4.684,2.588,5.692,2.756,5.402,2.645,4.718,5.669,3.29,3.749,5.282,3.851,5.212,2.365,3.134,4.427,5.817,6.174,2.573,2.839,4.474,5.378
GSM2630902,IPD,TRAINING,5.67,5.32,8.448,7.337,2.211,7.581,4.726,3.289,10.981,2.743,3.818,6.592,5.191,5.777,6.019,4.697,3.114,6.65,7.887,2.765,2.371,5.408,4.13,7.621,5.064,5.358,4.346,2.579,5.232,2.71,5.129,2.827,5.063,5.612,2.954,3.796,5.333,3.783,5.409,2.457,2.655,4.184,6.241,6.39,2.982,2.302,4.854,5.489
GSM2630903,IPD,VALIDATION,5.442,5.628,8.088,7.315,2.239,7.173,4.295,3.137,11.796,2.64,3.642,6.283,5.036,6.126,5.953,4.501,3.096,7.339,8.554,2.831,2.505,5.297,4.051,7.203,5.583,5.045,5.035,2.683,5.522,2.566,5.44,2.58,5.165,5.568,2.816,3.498,5.667,3.936,4.959,2.508,2.96,3.509,5.367,5.781,2.853,2.516,4.953,5.825
GSM2630904,IPD,TRAINING,5.818,5.478,6.867,7.306,2.168,7.544,4.559,3.109,11.441,2.671,3.682,6.488,5.333,5.945,5.679,4.43,3.322,6.177,7.613,2.388,2.275,5.365,4.492,6.553,5.122,5.022,5.015,2.595,5.232,2.624,5.075,2.748,5.179,5.825,3.097,4.025,4.43,3.497,5.26,2.467,2.694,3.554,5.744,6.156,2.93,2.565,5.106,5.536
GSM2630905,CONTROL,VALIDATION,5.215,5.805,8.458,7.118,2.324,7.462,4.405,3.084,11.54,2.621,3.038,6.554,5.384,6.012,5.81,4.62,2.987,7.044,8.155,2.848,2.632,5.043,4.179,6.762,3.794,5.101,5.23,2.912,4.149,2.631,5.485,2.796,5.208,5.198,3.07,3.447,5.148,4.103,5.297,2.958,3.502,3.929,5.721,5.992,2.631,2.007,4.742,5.358
GSM2630906,CONTROL,VALIDATION,5.111,5.442,8.19,7.098,2.184,7.54,4.342,2.927,11.577,2.52,3.801,6.359,5.343,6.05,5.748,4.407,3.147,7.19,8.73,2.994,2.499,4.692,3.844,6.874,4.033,4.635,4.996,2.695,5.298,2.337,4.993,2.863,5.252,5.673,3.114,4.131,5.976,3.797,5.327,2.72,2.57,3.738,5.475,5.617,2.683,2.609,4.986,5.172
GSM2630907,CONTROL,VALIDATION,5.44,5.672,8.329,7.13,2.425,7.172,4.192,2.862,11.417,2.518,3.358,6.314,5.057,5.782,5.758,4.659,3.19,7.264,8.696,2.519,2.25,4.951,4.004,7.152,4.675,4.728,4.688,2.487,5.521,2.633,5.151,3.146,5.151,5.797,2.928,3.424,5.785,3.629,4.842,2.593,2.949,3.76,5.685,6.023,2.402,2.439,4.835,5.366
GSM2630908,CONTROL,TRAINING,5.8,5.353,7.472,7.595,2.265,6.98,4.153,3.078,11.111,2.842,3.85,6.582,5.447,5.808,5.489,4.216,3.137,6.32,7.993,2.189,2.31,5.101,4.331,6.353,4.382,5.066,5.397,2.597,5.272,2.941,5.426,2.834,5.529,5.547,2.939,4.08,5.433,3.953,4.967,2.456,3.126,3.979,4.716,5.353,3.288,2.96,4.903,4.762
GSM2630909,CONTROL,VALIDATION,5.18,5.383,8.071,7.178,2.288,6.929,3.993,2.947,11.18,2.636,3.657,5.938,5.087,5.837,5.301,4.37,3.173,6.826,8.25,2.614,2.215,4.853,3.887,7.32,5.535,4.779,4.643,2.363,5.183,2.73,5.182,2.509,5.355,5.828,2.761,3.751,5.204,3.649,4.939,2.299,2.783,3.693,5.481,5.281,2.405,2.437,5.061,5.538
GSM2630910,CONTROL,TRAINING,5.742,5.135,7.681,7.662,2.402,7.05,4.239,3.184,10.366,2.867,4.216,6.219,5.462,5.701,5.891,4.851,3.779,6.247,8.058,2.668,2.284,5.82,4.143,6.656,5.295,5.461,4.554,2.738,5.944,2.963,5.988,2.686,5.064,4.756,3.218,4.316,4.549,4.277,5.682,2.319,3.046,4.654,5.017,5.626,2.688,2.701,4.183,5.339
GSM2630911,IPD,TRAINING,5.565,4.976,9.015,7.093,2.606,7.583,4.434,2.836,10.794,2.558,3.44,6.642,5.178,4.99,5.283,4.211,2.868,6.126,7.144,2.756,2.09,4.491,3.915,6.266,3.766,4.691,4.378,2.343,5.136,2.399,4.848,2.399,5.082,5.456,2.796,3.766,4.99,3.716,5.067,2.602,2.889,3.898,5.341,5.381,2.735,2.41,5.093,4.819
GSM2630912,CONTROL,TRAINING,4.862,5.639,9.282,7.187,2.301,7.524,3.745,3.001,11.167,2.59,3.937,6.763,4.298,5.784,6.395,4.641,2.917,7.28,9.38,2.426,2.608,4.643,3.926,7.751,6.049,5.069,4.989,2.549,4.401,2.895,4.423,2.707,5.392,6.58,2.065,3.519,4.797,3.477,4.717,2.655,2.895,3.264,3.332,5.988,3.172,2.841,5.389,5.407
GSM2630913,CONTROL,TRAINING,5.223,5.211,8.831,7.375,2.256,7.217,4.329,3.177,11.841,2.71,3.999,6.63,5.303,6.193,5.661,4.647,3.216,6.799,8.52,3.019,2.572,5.304,4.053,6.672,5.215,4.937,5.145,2.86,5.401,2.324,5.175,2.691,5.171,5.171,2.851,3.592,5.282,3.735,5.253,2.332,3.173,3.998,5.007,5.253,2.561,2.252,4.529,5.097
GSM2630914,IPD,TRAINING,5.923,5.682,7.303,7.455,2.032,7.09,4.581,3.09,10.649,2.661,4.094,6.813,4.916,6.13,5.836,4.409,3.125,7.262,8.314,2.19,2.297,5.399,4.026,7.029,5.071,5.07,5.117,2.65,5.423,2.488,5.26,2.266,5.491,5.573,2.855,3.942,5.771,3.562,5.718,2.345,2.662,3.769,5.742,5.66,2.637,2.537,5.398,4.648
GSM2630915,IPD,TRAINING,5.909,5.223,8.169,7.228,2.589,7.335,4.581,3.003,11.02,2.646,3.62,6.164,4.796,5.968,5.989,4.471,3.134,7.415,8.562,2.16,2.181,5.213,4.02,7.623,5.401,4.678,4.363,2.738,5.655,2.629,5.06,3.531,5.391,5.883,2.878,3.692,5.555,3.841,5.212,2.441,2.813,3.918,6.311,5.837,2.403,2.465,5.769,4.934
GSM2630916,CONTROL,VALIDATION,5.649,5.244,8.48,7.314,2.17,7.637,4.5,2.717,10.955,2.645,3.527,6.307,5.232,6.282,6.055,4.613,3.165,6.916,8.396,2.564,2.592,5.577,4.174,6.689,5.456,5.101,5.143,2.799,5.438,2.551,5.125,2.635,4.998,5.491,2.776,4.401,5.558,3.646,5.117,2.106,2.971,3.81,4.894,5.584,2.674,2.288,5.077,5.525
GSM2630917,CONTROL,VALIDATION,5.979,5.08,8.997,7.525,2.32,7.696,4.485,3.345,10.653,2.615,3.871,6.402,5.217,5.902,6.106,4.947,3.436,7.023,8.488,2.521,2.358,5.316,4.274,6.307,5.038,5.496,4.711,2.818,5.398,3.091,5.225,2.495,5.622,5.42,3.1,3.82,5.447,4.087,5.398,2.446,2.855,4.124,4.377,5.449,2.713,2.553,5.268,5.213
GSM2630918,IPD,TRAINING,5.549,5.373,7.89,7.527,2.582,7.39,4.843,3.351,10.869,2.51,3.77,6.257,5.523,5.643,6.184,4.485,3.416,6.932,8.138,2.585,2.859,5.325,4.248,6.659,4.899,5.33,5.064,2.522,5.304,2.618,5.272,2.575,5.19,4.855,2.934,4.081,5.601,3.816,4.981,2.504,2.362,3.667,4.604,4.954,3.023,2.544,4.99,4.877
GSM2630921,IPD,TRAINING,5.627,5.743,9.173,6.91,2.194,7.625,4.238,2.957,11.146,2.914,3.57,6.459,4.827,6.039,6.006,4.813,3.266,7.642,8.907,2.189,2.293,4.636,4.058,6.872,5.936,5.063,4.813,2.702,5.539,2.484,5.094,3.142,5.189,6.166,2.624,3.542,5.781,3.624,5.732,2.438,2.984,3.465,5.398,5.701,2.714,2.574,5.317,4.809
GSM2630922,CONTROL,VALIDATION,5.375,5.465,7.99,7.389,2.004,7.528,4.239,3.069,11.722,2.554,4.096,6.445,5.091,5.633,5.524,4.761,3.582,6.84,8.568,2.276,2.291,5.485,4.312,6.221,5.058,4.991,5.193,2.871,5.653,2.456,5.445,3.436,4.971,6.229,3.107,3.714,5.88,3.651,5.668,2.305,2.749,3.932,5.031,5.622,2.457,2.613,4.946,4.89
GSM2630923,CONTROL,VALIDATION,5.519,5.682,8.225,7.416,2.103,7.388,4.288,3.261,11.277,2.618,3.609,6.388,5.474,5.899,5.576,4.802,3.37,6.767,8.39,2.499,2.472,5.3,4.315,5.895,4.891,4.741,5.361,2.713,5.665,2.774,5.28,2.741,5.174,5.466,2.842,3.87,5.433,3.821,5.356,2.575,2.536,4.096,5.259,5.336,2.591,2.162,4.696,5.451
GSM2630924,CONTROL,VALIDATION,5.179,5.591,8.288,7.531,2.252,7.094,4.547,3.094,11.126,2.743,3.916,6.301,5.707,5.702,5.549,4.86,4.018,6.09,8.063,2.938,2.64,5.938,4.627,5.737,4.714,5.497,4.651,2.401,5.796,2.958,5.643,3.001,4.833,4.98,2.882,3.953,5.125,3.673,5.87,2.294,2.887,4.477,4.689,5.811,2.76,2.519,4.608,4.626
GSM2630925,CONTROL,VALIDATION,6.086,5.671,8.005,7.708,2.322,7.659,4.592,3.273,11.116,2.486,3.898,6.384,5.51,5.807,5.837,4.648,3.789,6.721,8.259,2.493,2.359,5.283,4.324,7.088,5.435,5.414,4.897,2.875,5.645,2.947,5.483,2.824,5.06,5.659,2.954,3.868,4.51,4.261,5.508,2.214,2.938,4.496,5.677,5.998,2.671,2.39,4.58,4.887
GSM2630927,CONTROL,VALIDATION,6.021,5.994,7.804,7.098,2.184,7.698,4.109,3.166,10.946,2.918,3.49,6.459,4.96,6.409,5.957,4.553,2.978,6.757,8.146,2.029,2.3,4.493,3.857,6.37,5.413,4.551,5.138,2.531,5.191,2.714,4.917,3.259,5.795,6.588,2.901,3.291,5.049,3.136,5.134,2.78,2.856,3.353,5.382,5.923,2.747,2.623,5.225,4.892
GSM2630928,CONTROL,VALIDATION,5.702,5.508,8.556,7.655,2.132,8.206,4.064,3.202,10.027,2.708,3.804,6.625,5.33,5.671,5.92,5.15,3.211,6.758,8.24,2.414,2.476,5.488,4.449,6.602,5.094,5.333,5.111,2.686,5.282,2.657,5.548,2.844,5.04,5.514,2.901,3.771,3.83,4.052,5.442,2.281,3.042,4.31,5.757,6.083,2.615,2.707,5.317,5.862
GSM2630929,CONTROL,VALIDATION,5.684,5.412,8.039,7.353,2.221,7.519,4.342,3.136,10.583,2.825,3.721,6.6,5.192,5.801,5.626,4.619,3.295,6.885,8.204,2.062,2.271,5.332,4.013,6.388,5.16,5.231,5.21,2.788,5.346,2.832,5.12,3.146,5.058,6.124,2.897,3.964,5.446,3.463,5.814,2.495,2.934,3.65,5.064,6.049,2.482,2.602,5.564,4.308
GSM2630930,CONTROL,VALIDATION,5.519,5.575,8.034,7.234,2.352,7.34,4.398,2.89,11.216,2.777,3.6,6.295,5.344,5.489,5.931,4.78,3.483,7.268,8.842,2.178,2.586,4.876,4.286,7.264,5.923,5.006,5.108,2.997,5.436,2.62,5.028,2.747,5.397,6.18,3.071,4.235,5.3,3.363,5.255,2.097,2.475,3.724,5.221,5.82,2.905,2.624,5.362,4.892
GSM2630931,IPD,VALIDATION,5.695,5.465,9.077,6.975,2.148,7.751,4.056,2.898,11.172,2.526,3.522,6.553,5.026,5.767,5.534,4.575,3.298,7.128,8.582,2.235,2.118,4.451,3.908,6.611,5.687,4.785,4.88,2.662,5.108,2.411,4.576,2.861,4.926,6.048,2.668,3.707,5.957,3.746,5.184,2.605,2.773,3.269,5.227,5.563,2.722,2.558,5.119,5.599
GSM2630932,CONTROL,VALIDATION,5.692,5.599,7.564,6.914,2.124,7.424,4.241,3.048,10.619,2.592,3.62,6.555,4.897,6.004,5.598,4.341,3.28,6.512,7.919,2.352,2.234,4.793,4.046,6.324,5.127,4.75,5.213,2.84,5.113,2.466,4.91,2.86,5.203,6.514,2.729,3.467,5.449,3.598,5.616,2.367,2.872,3.885,5.418,5.934,2.773,2.746,5.456,5.627
GSM2630938,IPD,TRAINING,5.75,5.674,8.831,7.429,2.361,7.673,4.579,3.294,11.202,2.891,3.894,6.408,5.436,6.093,5.916,5.241,3.448,7.146,8.46,2.755,2.428,5.143,4.364,7.458,5.638,5.403,5.001,2.558,5.581,2.609,5.238,3.144,5.273,5.209,3.016,4.058,5.562,4.066,5.52,2.411,2.764,3.922,5.809,6.123,2.47,2.136,4.633,5.038
GSM2630939,IPD,TRAINING,5.4,5.943,8.428,7.001,2.247,7.032,4.158,3.135,10.691,2.537,4.041,6.572,5.256,6.089,5.598,4.633,3.157,7.719,8.745,2.35,2.191,4.922,4.143,7.236,5.809,4.898,4.605,2.501,5.46,2.717,5.512,2.596,5.34,4.983,2.73,4.088,6.318,3.708,5.546,2.514,3.082,4.172,5.306,5.663,2.819,2.567,5.235,5.005
GSM2630940,IPD,TRAINING,5.914,5.861,8.564,6.933,2.271,7.498,4.336,3.019,11.012,2.609,3.665,6.61,5.05,6.016,6.32,4.634,3.223,7.558,8.577,2.411,2.142,4.849,4.257,7.35,6.346,4.778,4.676,2.672,5.314,2.584,5.378,2.832,5.341,5.373,2.526,3.67,5.845,3.867,5.558,2.193,2.808,3.789,6.116,5.892,2.705,2.436,5.29,5.708
GSM2630941,IPD,TRAINING,5.57,5.701,8.851,7.392,2.22,7.282,4.493,3.202,11.317,2.729,3.724,6.538,5.211,5.901,5.695,4.718,3.133,7.442,8.9,2.352,1.944,4.926,4.189,7.078,5.977,5.081,4.629,2.622,5.46,2.717,5.382,2.568,5.08,6.22,2.671,3.818,5.628,3.732,5.398,2.152,2.79,3.751,5.518,5.926,2.718,2.792,4.928,5.262
GSM2630942,IPD,TRAINING,5.2,5.685,8.555,7.143,2.244,7.363,3.793,2.78,10.859,2.475,3.854,6.564,4.922,5.604,5.412,4.186,3.614,6.721,8.765,2.353,2.18,5.104,3.891,6.512,5.742,4.789,5.251,2.646,5.048,2.689,5.291,2.72,4.961,6.088,2.612,3.649,5.781,3.574,5.609,2.332,2.918,3.807,5.348,5.629,2.806,2.72,4.747,4.343
GSM2630944,IPD,TRAINING,5.918,5.967,8.389,7.309,2.244,7.386,4.037,3.001,11.52,2.589,3.533,6.702,5.206,6.234,5.988,4.745,3.256,7.651,8.855,2.531,2.216,5.264,3.817,7.313,6.294,5.299,4.883,2.417,4.876,3.183,4.931,2.634,5.812,5.83,2.453,3.992,5.21,3.82,5.915,2.741,3.271,3.787,4.741,5.686,2.617,2.624,4.848,5.561
GSM2630945,IPD,TRAINING,6.307,5.209,7.986,8.187,2.73,7.339,4.856,3.253,11.127,3.022,4.707,6.192,5.772,6.424,6.164,4.584,3.273,6.287,7.928,2.648,2.222,5.73,4.583,5.574,4.199,5.877,4.696,2.956,5.668,2.675,6.195,2.932,5.456,5.201,2.884,4.697,4.378,4.373,5.528,2.361,3.037,4.305,3.678,5.229,2.72,2.194,4.886,4.752
GSM2630947,IPD,TRAINING,6.062,5.549,8.231,7.105,2.334,7.806,4.443,3.099,11.446,2.938,3.573,6.544,5.294,5.967,6.195,5.128,3.286,7.114,8.368,2.269,2.19,5.023,4.613,6.583,4.951,5.039,4.963,2.574,5.335,2.799,5.397,2.782,5.261,6.084,2.758,3.976,5.1,3.63,5.819,2.174,2.81,3.609,5.743,6.167,2.625,2.561,5.021,5.25
GSM2630948,IPD,TRAINING,5.718,5.354,8.014,7.48,2.296,7.326,4.726,3.16,11.56,2.561,3.824,6.52,5.479,5.765,5.809,4.572,3.273,6.959,8.3,2.492,2.402,5.051,4.354,6.77,5.925,5.2,5.052,3.065,5.514,2.86,5.526,2.439,5.493,5.742,3.041,4.149,5.122,3.777,5.573,2.373,3.049,3.848,5.151,5.588,2.848,2.722,5.106,5.398
GSM2630949,IPD,TRAINING,5.993,5.661,7.693,7.335,2.334,7.512,4.587,3.046,11.453,2.594,3.671,6.327,5.337,5.759,6.173,4.784,3.274,6.608,8.229,2.375,2.352,5.391,4.283,6.529,5.037,5.498,4.905,2.778,5.469,2.674,5.501,2.746,5.329,5.354,3.06,3.976,4.765,3.91,5.231,2.328,3.244,3.97,5.24,5.733,3.068,2.167,5.021,5.566
GSM2630950,IPD,TRAINING,5.456,5.739,7.954,7.602,2.229,6.881,4.205,2.813,11.045,2.615,3.936,6.762,5.38,5.74,5.316,4.216,4.045,6.905,8.383,2.557,2.46,5.744,4.399,6.736,5.709,5.183,4.909,3.031,5.546,2.915,5.291,2.602,5.299,5.259,2.735,3.773,6.559,4.089,5.615,2.573,3.124,3.817,4.862,5.157,2.583,2.57,4.996,5.66
GSM2630951,IPD,TRAINING,5.86,5.735,8.302,7.435,2.218,7.278,4.322,3.081,11.672,2.663,3.899,6.604,5.452,5.903,6.254,4.878,3.174,7.108,8.258,2.559,2.315,5.377,4.231,7.208,5.329,5.352,4.672,2.982,5.412,2.64,5.361,2.561,4.834,5.322,3.065,3.96,5.279,3.573,5.272,2.395,2.958,4.255,5.66,5.839,2.516,2.527,4.814,5.445
GSM2630956,IPD,VALIDATION,5.815,5.403,8.206,7.423,2.263,7.403,4.561,3.022,11.722,3.022,4.023,6.663,5.506,5.878,5.771,5.305,3.437,7.174,8.508,2.627,2.449,5.549,3.86,6.768,5.491,5.175,5.059,2.917,5.604,3.203,5.299,2.856,5.027,4.873,2.725,4.435,5.334,3.873,5.206,2.595,2.541,3.786,5.136,5.494,2.816,2.72,4.884,4.649
GSM2630957,IPD,TRAINING,5.672,5.565,8.317,7.707,2.334,7.744,4.332,3.289,11.634,2.736,4.028,6.358,5.437,5.69,5.22,4.795,4.034,6.301,8.268,2.442,2.303,5.749,4.525,6.012,4.899,5.221,4.648,2.901,5.627,2.734,5.656,2.969,5.442,5.479,3.078,4.077,4.873,3.935,5.341,2.44,2.554,4.309,5.343,5.588,2.757,2.551,4.961,4.935
